server,scenario,conns,body_size,pipeline,run,ops_per_sec,server_cpu_pct,put_p50_us,put_p99_us,put_p999_us,reserve_p50_us,reserve_p99_us,reserve_p999_us,delete_p50_us,delete_p99_us,delete_p999_us,load_avg,idle_conns,delayed_tubes,server_mode,proxy_cpu_pct,nodes,target_role,cluster_cpu_pct,node_cpu,resent_inputs,forward_rewinds,drop_node_proposals,refused_connections,rejected_puts,term_changes,leader_changes,isolated_after,burst_attempted,burst_completed,burst_errors,burst_rate_achieved,burst_hs_p50_ms,burst_hs_p99_ms
ref,put-reserve-delete,10,16,16,1,217461.9,94.0,412.1,1471.3,2244.9,373.2,1328.5,2107.6,364.5,1332.4,2193.6,9.74,0,0,none,,,,,,,,,,,,,,,,,,,
rs,put-reserve-delete,10,16,16,1,477394.7,192.0,246.5,625.8,898.8,246.8,640.5,904.6,246.0,628.0,904.8,9.44,0,0,none,,,,,,,,,,,,,,,,,,,
ref,put-reserve-delete,10,16,16,2,267533.8,96.9,353.5,825.8,1257.8,314.0,715.5,1132.5,308.1,724.7,1080.8,9.25,0,0,none,,,,,,,,,,,,,,,,,,,
rs,put-reserve-delete,10,16,16,2,370833.3,171.2,253.7,1073.0,3886.0,255.6,1071.8,4741.5,252.7,1065.1,4188.0,9.47,0,0,none,,,,,,,,,,,,,,,,,,,
ref,put-reserve-delete,10,16,16,3,240310.5,93.5,368.1,1387.5,2487.5,328.8,1201.8,2228.1,322.9,1198.4,2132.2,9.51,0,0,none,,,,,,,,,,,,,,,,,,,
rs,put-reserve-delete,10,16,16,3,390739.5,179.7,256.7,964.0,2523.7,257.8,987.7,2853.2,256.0,970.0,2675.3,11.71,0,0,none,,,,,,,,,,,,,,,,,,,
ref,put-reserve-delete,10,16,16,4,294196.9,96.2,322.4,796.1,1238.8,285.4,695.0,1161.7,280.8,708.0,1186.6,11.50,0,0,none,,,,,,,,,,,,,,,,,,,
rs,put-reserve-delete,10,16,16,4,555685.8,191.3,210.5,402.9,513.5,211.2,408.0,523.0,209.2,400.4,509.1,11.13,0,0,none,,,,,,,,,,,,,,,,,,,
ref,put-reserve-delete,10,16,16,5,324843.1,98.4,301.0,626.0,1021.4,264.5,543.8,933.0,260.3,548.9,933.5,10.72,0,0,none,,,,,,,,,,,,,,,,,,,
rs,put-reserve-delete,10,16,16,5,549749.9,190.3,211.9,432.5,740.0,212.2,438.9,743.5,211.5,432.0,729.6,10.50,0,0,none,,,,,,,,,,,,,,,,,,,
ref,put-reserve-delete,100,16,16,1,297498.0,97.0,2995.5,6950.5,9522.9,2880.1,6519.0,11016.5,2835.0,7236.3,11180.5,9.98,0,0,none,,,,,,,,,,,,,,,,,,,
rs,put-reserve-delete,100,16,16,1,462872.9,180.0,2793.3,4503.2,5263.0,2811.9,4526.3,5291.3,2811.7,4516.6,5321.8,9.28,0,0,none,,,,,,,,,,,,,,,,,,,
ref,put-reserve-delete,100,16,16,2,309067.9,98.2,2975.2,5843.0,8610.8,2765.8,5401.8,8126.5,2740.5,5390.9,7795.8,9.02,0,0,none,,,,,,,,,,,,,,,,,,,
rs,put-reserve-delete,100,16,16,2,463197.9,179.7,2827.2,4523.0,5270.2,2841.0,4532.2,5341.0,2837.5,4516.3,5308.3,9.01,0,0,none,,,,,,,,,,,,,,,,,,,
ref,put-reserve-delete,100,16,16,3,313027.2,98.8,2924.5,5711.3,7600.8,2732.1,5237.4,7116.2,2723.1,5264.8,7032.6,8.93,0,0,none,,,,,,,,,,,,,,,,,,,
rs,put-reserve-delete,100,16,16,3,451890.6,183.0,2898.2,4812.1,5455.5,2920.3,4837.6,5508.9,2914.3,4819.9,5479.8,8.78,0,0,none,,,,,,,,,,,,,,,,,,,
ref,put-reserve-delete,100,16,16,4,306496.2,98.3,2936.6,6067.3,8507.9,2800.9,5795.1,8899.8,2774.7,5636.1,8621.0,8.55,0,0,none,,,,,,,,,,,,,,,,,,,
rs,put-reserve-delete,100,16,16,4,466461.5,180.2,2900.0,4469.7,5205.2,2910.5,4478.5,5114.4,2910.8,4448.9,5054.7,8.19,0,0,none,,,,,,,,,,,,,,,,,,,
ref,put-reserve-delete,100,16,16,5,309045.6,98.5,2934.7,5852.8,8450.8,2778.8,5495.9,8056.7,2754.1,5427.8,7484.3,8.17,0,0,none,,,,,,,,,,,,,,,,,,,
rs,put-reserve-delete,100,16,16,5,451637.1,183.5,2953.8,4877.4,5633.8,2957.9,4854.6,5474.9,2954.2,4848.5,5465.5,7.92,0,0,none,,,,,,,,,,,,,,,,,,,
