ts,server,workload,body_size,seg_size,cycles,records_written_stats,logical_writes_bytes,diskio_written_bytes,bytes_per_op_logical,bytes_per_op_diskio,bytes_per_record_logical,loadavg1
2026-09-27T12:06:04,ref,churn,16,10485760,200000,402152,78654692,76742656,393.27,383.71,195.58,29.24560546875
2026-09-27T12:07:04,rs,churn,16,10485760,200000,401907,53780228,66682880,268.90,333.41,133.81,31.2138671875
2026-09-27T12:07:20,ref,churn,16,65536,200000,494243,114496209,61063168,572.48,305.32,231.66,40.52783203125
2026-09-27T12:08:02,rs,churn,16,65536,200000,517859,79066628,75399168,395.33,377.00,152.68,59.41943359375
2026-09-27T12:08:13,ref,churn,1024,10485760,200000,425417,597098555,536428544,2985.49,2682.14,1403.56,65.81787109375
2026-09-27T12:08:57,rs,churn,1024,10485760,200000,423201,502097964,512524288,2510.49,2562.62,1186.43,77.904296875
2026-09-27T12:09:11,ref,churn,1024,65536,200000,489757,777254443,354156544,3886.27,1770.78,1587.02,88.81640625
2026-09-27T12:09:59,rs,churn,1024,65536,200000,490973,758700476,582451200,3793.50,2912.26,1545.30,93.68017578125
2026-09-27T12:10:28,ref,mixed,16,10485760,200000,1193959,237373457,221167616,1186.87,1105.84,198.81,100.86962890625
2026-09-27T12:12:45,rs,mixed,16,10485760,200000,1190808,159042816,189267968,795.21,946.34,133.56,68.68603515625
2026-09-27T12:13:04,ref,mixed,16,65536,200000,1420711,301331849,146096128,1506.66,730.48,212.10,60.0224609375
2026-09-27T12:13:54,rs,mixed,16,65536,200000,1513470,242011832,216072192,1210.06,1080.36,159.91,44.5732421875
2026-09-27T12:14:08,ref,mixed,1024,10485760,200000,1216674,763128670,683442176,3815.64,3417.21,627.23,36.42724609375
2026-09-27T12:14:31,rs,mixed,1024,10485760,200000,1213875,623819300,630816768,3119.10,3154.08,513.91,26.52734375
2026-09-27T12:14:46,ref,mixed,1024,65536,200000,1297295,988931333,448430080,4944.66,2242.15,762.30,25.65673828125
2026-09-27T12:15:11,rs,mixed,1024,65536,200000,1295152,906953440,699449344,4534.77,3497.25,700.27,19.11474609375
