ts,server,body_size,n,tubes,rep,rss_baseline_kib,rss_loaded_kib,rss_after_delete_kib,bytes_per_job,loadavg1
2026-09-27T13:17:26,ref,16,100000,1,1,1760,25904,26128,247.23,49.826171875
2026-09-27T13:17:28,rs,16,100000,1,1,7936,34560,34592,272.63,49.826171875
2026-09-27T13:17:30,ref,16,100000,1000,1,1760,26304,26336,251.33,48.71875
2026-09-27T13:17:32,rs,16,100000,1000,1,7952,33952,34336,266.24,48.71875
2026-09-27T13:17:49,ref,16,1000000,1,1,1760,238000,239312,241.91,47.49462890625
2026-09-27T13:18:04,rs,16,1000000,1,1,7968,286672,254064,285.39,47.31201171875
2026-09-27T13:18:22,ref,16,1000000,1000,1,1760,236288,237184,240.16,41.4326171875
2026-09-27T13:18:30,rs,16,1000000,1000,1,7952,289104,256512,287.90,39.2998046875
2026-09-27T13:18:32,ref,1024,100000,1,1,1760,137616,137696,1391.17,39.2998046875
2026-09-27T13:18:34,rs,1024,100000,1,1,7952,134608,134704,1296.96,39.2998046875
2026-09-27T13:18:37,ref,1024,100000,1000,1,1760,138112,138208,1396.24,37.193359375
2026-09-27T13:18:39,rs,1024,100000,1000,1,7936,135984,136800,1311.21,37.193359375
2026-09-27T13:18:49,ref,1024,1000000,1,1,1760,1356512,1357040,1387.27,32.95751953125
2026-09-27T13:18:55,rs,1024,1000000,1,1,7936,1276864,1244704,1299.38,29.6484375
2026-09-27T13:19:12,ref,1024,1000000,1000,1,1760,1355360,1357088,1386.09,28.11572265625
2026-09-27T13:19:35,rs,1024,1000000,1000,1,7936,1279200,1247040,1301.77,29.87109375
2026-09-27T13:19:39,ref,16,100000,1,2,1776,26128,26352,249.36,29.87109375
2026-09-27T13:19:42,rs,16,100000,1,2,7952,34400,34432,270.83,29.88134765625
2026-09-27T13:19:51,ref,16,100000,1000,2,1760,26304,26560,251.33,30.27392578125
2026-09-27T13:19:56,rs,16,100000,1000,2,7952,34064,34416,267.39,30.892578125
2026-09-27T13:20:18,ref,16,1000000,1,2,1760,238480,238592,242.40,33.53515625
2026-09-27T13:20:32,rs,16,1000000,1,2,7952,286832,254240,285.57,31.85693359375
2026-09-27T13:20:54,ref,16,1000000,1000,2,1760,236304,237200,240.17,31.9912109375
2026-09-27T13:21:02,rs,16,1000000,1000,2,7952,287632,255040,286.39,30.23388671875
2026-09-27T13:21:04,ref,1024,100000,1,2,1760,137552,137632,1390.51,30.23388671875
2026-09-27T13:21:06,rs,1024,100000,1,2,7968,134784,134880,1298.60,30.53515625
2026-09-27T13:21:09,ref,1024,100000,1000,2,1760,138128,138224,1396.41,30.53515625
2026-09-27T13:21:11,rs,1024,100000,1000,2,7968,139168,139264,1343.49,29.451171875
2026-09-27T13:21:32,ref,1024,1000000,1,2,1760,1358512,1359040,1389.31,31.92138671875
2026-09-27T13:21:40,rs,1024,1000000,1,2,7920,1276304,1244128,1298.83,29.7197265625
2026-09-27T13:21:57,ref,1024,1000000,1000,2,1760,1355344,1355872,1386.07,27.5185546875
2026-09-27T13:22:05,rs,1024,1000000,1000,2,7952,1277760,1245616,1300.28,25.3466796875
2026-09-27T13:22:07,ref,16,100000,1,3,1760,25760,25776,245.76,25.3466796875
2026-09-27T13:22:09,rs,16,100000,1,3,7984,34592,34624,272.47,25.3466796875
2026-09-27T13:22:11,ref,16,100000,1000,3,1760,26304,26336,251.33,24.91845703125
2026-09-27T13:22:13,rs,16,100000,1000,3,7952,33904,33920,265.75,24.91845703125
2026-09-27T13:22:22,ref,16,1000000,1,3,1760,238000,238112,241.91,24.1904296875
2026-09-27T13:22:27,rs,16,1000000,1,3,7968,286784,254304,285.51,22.9736328125
2026-09-27T13:22:37,ref,16,1000000,1000,3,1760,236864,236976,240.75,20.357421875
2026-09-27T13:22:42,rs,16,1000000,1000,3,7968,288608,256192,287.38,18.96728515625
2026-09-27T13:22:44,ref,1024,100000,1,3,1760,137568,137648,1390.67,18.96728515625
2026-09-27T13:22:46,rs,1024,100000,1,3,7952,134752,135376,1298.43,18.4091796875
2026-09-27T13:22:48,ref,1024,100000,1000,3,1760,138128,138224,1396.41,18.4091796875
2026-09-27T13:22:50,rs,1024,100000,1000,3,7984,135536,136160,1306.13,17.1748046875
2026-09-27T13:22:59,ref,1024,1000000,1,3,1760,1356496,1357024,1387.25,16.03955078125
2026-09-27T13:23:08,rs,1024,1000000,1,3,7968,1277648,1245488,1300.15,15.63916015625
2026-09-27T13:23:24,ref,1024,1000000,1000,3,1760,1355344,1355872,1386.07,16.24267578125
2026-09-27T13:23:33,rs,1024,1000000,1000,3,7952,1279088,1246928,1301.64,15.75
