server,scenario,conns,body_size,pipeline,run,ops_per_sec,server_cpu_pct,put_p50_us,put_p99_us,put_p999_us,reserve_p50_us,reserve_p99_us,reserve_p999_us,delete_p50_us,delete_p99_us,delete_p999_us,load_avg
ref,put-reserve-delete,1,16,1,1,48263.1,34.1,18.7,44.8,78.1,19.2,45.6,75.3,18.5,44.5,75.5,7.38
rs,put-reserve-delete,1,16,1,1,45559.9,37.8,19.6,50.0,87.0,20.4,50.8,87.2,19.4,51.1,88.7,7.11
ref,put-reserve-delete,1,16,1,2,46763.9,33.7,19.2,48.4,81.2,19.8,49.5,79.5,19.0,47.7,81.4,7.10
rs,put-reserve-delete,1,16,1,2,44517.3,38.0,20.0,52.9,91.0,20.8,53.2,90.2,19.8,53.2,90.5,6.77
ref,put-reserve-delete,1,16,1,3,47894.2,34.0,18.8,46.7,81.6,19.3,47.4,80.2,18.7,46.7,80.0,6.47
rs,put-reserve-delete,1,16,1,3,45724.6,37.9,19.6,49.8,83.6,20.4,50.4,86.0,19.4,50.2,86.9,6.51
ref,put-reserve-delete,1,4096,1,1,47418.5,34.4,19.5,46.0,75.1,19.5,45.4,77.1,18.5,44.0,72.8,6.55
rs,put-reserve-delete,1,4096,1,1,46700.8,38.4,19.5,47.2,76.9,20.0,46.4,72.6,18.5,46.0,74.7,6.26
ref,put-reserve-delete,1,4096,1,2,48652.5,34.4,19.0,45.2,76.0,19.0,44.4,72.0,18.0,43.6,74.2,5.92
rs,put-reserve-delete,1,4096,1,2,46273.8,38.4,19.8,47.2,76.8,20.2,46.8,77.5,18.8,46.3,76.7,5.69
ref,put-reserve-delete,1,4096,1,3,48172.2,34.6,19.2,45.0,74.2,19.2,44.6,71.2,18.2,43.4,73.2,5.55
rs,put-reserve-delete,1,4096,1,3,50115.3,38.4,18.3,43.3,75.3,18.9,42.9,74.8,17.4,43.3,76.3,5.35
ref,put-reserve-delete,10,16,1,1,140831.1,88.6,67.1,135.4,185.0,67.9,136.1,183.5,66.7,135.7,185.2,5.32
rs,put-reserve-delete,10,16,1,1,127965.9,177.8,75.7,160.5,205.0,74.7,158.6,202.0,73.4,156.6,201.8,5.37
ref,put-reserve-delete,10,16,1,2,137937.7,81.7,71.4,136.9,194.6,72.3,136.9,193.6,70.8,136.2,190.5,5.26
rs,put-reserve-delete,10,16,1,2,139843.2,174.4,68.7,149.0,188.7,67.9,148.3,187.5,66.8,145.9,188.0,5.06
ref,put-reserve-delete,10,16,1,3,136883.2,86.7,68.8,151.6,218.2,69.6,152.7,219.3,68.4,150.8,213.4,5.29
rs,put-reserve-delete,10,16,1,3,162207.1,166.9,59.7,126.2,188.5,59.0,125.5,190.0,58.0,124.0,188.5,5.27
ref,put-reserve-delete,10,4096,1,1,135063.1,85.8,81.1,152.7,195.8,69.5,132.1,176.7,66.4,129.7,174.5,5.01
rs,put-reserve-delete,10,4096,1,1,126935.9,182.4,77.0,157.7,197.8,76.0,155.1,193.9,73.8,151.9,191.0,5.01
ref,put-reserve-delete,10,4096,1,2,135620.4,90.3,80.5,157.0,214.0,66.5,136.0,188.3,63.6,133.0,187.9,5.00
rs,put-reserve-delete,10,4096,1,2,122289.7,181.4,78.4,183.8,311.5,77.4,181.0,302.5,75.3,176.2,303.4,5.00
ref,put-reserve-delete,10,4096,1,3,134875.7,89.2,80.8,158.7,216.5,67.1,137.5,186.8,64.3,135.5,186.5,5.24
rs,put-reserve-delete,10,4096,1,3,128234.2,180.6,76.0,160.0,204.2,75.0,157.7,201.6,72.8,154.4,196.5,5.22
ref,put-reserve-delete,100,16,1,1,161306.9,98.3,605.1,862.0,1054.0,606.9,863.9,1067.6,604.4,858.9,1034.4,5.21
rs,put-reserve-delete,100,16,1,1,80671.6,219.2,1180.8,1835.8,2373.0,1200.0,1868.3,2451.3,1162.3,1791.0,2374.2,5.27
ref,put-reserve-delete,100,16,1,2,167318.9,98.6,574.4,851.7,1088.4,575.8,847.9,1117.9,574.1,846.8,1123.5,5.25
rs,put-reserve-delete,100,16,1,2,81685.0,223.5,1175.5,1788.2,1961.9,1208.4,1814.4,1994.8,1154.5,1757.7,1888.6,5.47
ref,put-reserve-delete,100,16,1,3,146512.7,98.3,678.7,987.8,1293.3,682.1,990.2,1323.3,678.3,989.6,1353.5,5.67
rs,put-reserve-delete,100,16,1,3,71084.1,225.0,1410.7,1937.2,2098.4,1466.6,1984.6,2144.5,1366.6,1848.6,1962.7,5.70
ref,put-reserve-delete,100,4096,1,1,130343.0,97.4,968.9,1278.2,1524.5,665.0,899.1,1218.0,662.9,893.2,1209.4,6.04
rs,put-reserve-delete,100,4096,1,1,72401.7,230.3,1390.6,1874.9,2035.3,1442.8,1935.0,2057.6,1358.5,1799.6,1921.7,7.24
ref,put-reserve-delete,100,4096,1,2,132321.6,98.7,960.5,1255.7,1484.8,659.1,893.9,1167.8,656.8,887.0,1080.0,7.70
rs,put-reserve-delete,100,4096,1,2,71823.9,234.1,1414.8,1877.1,2043.0,1452.4,1929.0,2061.0,1388.2,1807.6,1970.9,7.88
ref,put-reserve-delete,100,4096,1,3,132005.0,98.6,963.9,1280.5,1436.8,660.2,901.8,1078.6,658.6,896.5,1042.8,7.73
rs,put-reserve-delete,100,4096,1,3,69606.7,231.6,1459.6,1942.2,2151.6,1509.5,1984.0,2179.4,1416.3,1857.9,2105.4,7.75
ref,producers-consumers,2,16,1,1,54499.3,45.9,33.8,80.3,116.6,34.8,81.4,116.8,33.3,79.3,114.3,7.69
rs,producers-consumers,2,16,1,1,53691.9,61.8,33.6,84.9,117.0,34.7,86.0,123.2,32.8,82.7,115.5,7.19
ref,producers-consumers,2,16,1,2,59696.2,45.1,31.6,67.4,97.6,32.4,68.4,98.4,31.2,67.2,100.6,6.85
rs,producers-consumers,2,16,1,2,60668.7,60.9,30.7,67.0,98.8,31.8,68.2,101.2,29.8,66.3,99.1,6.94
ref,producers-consumers,2,16,1,3,58802.3,44.9,31.9,71.1,105.0,32.8,72.3,106.2,31.4,71.0,105.5,6.26
rs,producers-consumers,2,16,1,3,59816.4,61.2,31.0,70.4,104.8,32.0,71.4,103.8,30.1,69.1,102.1,5.98
ref,producers-consumers,2,4096,1,1,56782.6,47.7,33.9,73.5,112.4,33.6,70.6,105.0,31.4,67.8,102.1,5.52
rs,producers-consumers,2,4096,1,1,57207.2,62.4,33.0,71.6,107.0,33.8,73.0,108.6,30.6,69.5,104.3,5.21
ref,producers-consumers,2,4096,1,2,57395.1,47.0,33.7,69.9,104.9,33.5,67.6,102.5,31.2,65.0,98.0,4.79
rs,producers-consumers,2,4096,1,2,48920.0,62.7,37.2,94.1,134.3,37.8,94.0,133.6,34.8,92.6,133.0,4.91
ref,producers-consumers,2,4096,1,3,47258.3,49.3,39.1,96.8,135.4,39.6,91.7,126.9,36.6,88.2,124.7,5.36
rs,producers-consumers,2,4096,1,3,46200.6,63.7,39.6,98.0,140.9,39.7,98.8,134.8,36.8,95.6,132.8,5.31
ref,producers-consumers,10,16,1,1,109269.8,87.9,85.1,203.0,258.0,86.5,205.0,261.4,84.5,201.4,256.4,5.57
rs,producers-consumers,10,16,1,1,104072.0,200.3,93.2,182.9,229.4,93.0,181.8,226.8,91.8,180.7,230.1,6.01
ref,producers-consumers,10,16,1,2,122591.0,89.0,76.0,180.9,263.3,77.1,183.0,263.6,75.3,180.0,257.8,6.07
rs,producers-consumers,10,16,1,2,120721.9,190.5,80.0,163.9,213.1,79.7,163.1,213.3,78.7,160.9,210.7,6.13
ref,producers-consumers,10,16,1,3,138024.0,88.5,68.2,142.8,200.4,69.2,143.7,201.9,67.5,141.8,198.6,6.28
rs,producers-consumers,10,16,1,3,135408.5,175.1,70.9,147.9,196.4,70.7,146.9,196.6,69.8,145.7,194.7,6.00
ref,producers-consumers,10,4096,1,1,128623.6,89.4,84.9,164.5,214.7,68.3,136.7,190.5,65.7,134.1,184.8,5.99
rs,producers-consumers,10,4096,1,1,130265.8,183.8,74.1,154.6,200.3,73.5,152.1,196.1,71.7,150.4,195.6,5.77
ref,producers-consumers,10,4096,1,2,129906.0,91.1,83.8,163.5,219.4,67.0,137.1,189.0,64.6,134.2,187.7,5.80
rs,producers-consumers,10,4096,1,2,128516.9,186.8,75.2,156.0,202.2,74.6,153.4,199.5,73.0,151.1,196.6,5.97
ref,producers-consumers,10,4096,1,3,130406.1,91.1,83.2,161.5,216.1,66.8,136.0,184.2,64.4,133.2,181.0,6.04
rs,producers-consumers,10,4096,1,3,121967.0,190.6,78.6,169.8,232.2,78.0,168.0,234.0,76.4,166.2,228.1,6.20
ref,producers-consumers,100,16,1,1,166731.3,98.5,583.5,806.2,1323.9,584.1,808.7,1266.7,583.2,807.2,1339.0,6.48
rs,producers-consumers,100,16,1,1,143952.8,320.0,691.0,949.0,1216.5,690.1,952.9,1196.5,690.1,947.6,1228.1,6.18
ref,producers-consumers,100,16,1,2,165482.4,98.6,590.3,835.2,1307.2,591.2,836.4,1306.7,589.8,833.5,1330.2,6.06
rs,producers-consumers,100,16,1,2,144679.3,319.8,685.7,948.3,1382.2,685.0,950.2,1293.3,684.1,947.3,1366.8,6.05
ref,producers-consumers,100,16,1,3,163548.4,98.5,597.4,825.5,1331.0,598.4,826.7,1276.9,597.0,824.5,1348.7,7.19
rs,producers-consumers,100,16,1,3,171874.2,302.9,574.2,813.4,1221.2,573.0,809.9,1185.3,572.7,813.2,1237.4,6.92
ref,producers-consumers,100,4096,1,1,149751.2,98.2,798.7,1125.7,1535.8,548.6,785.5,1278.8,547.4,783.0,1329.1,6.85
rs,producers-consumers,100,4096,1,1,137987.5,340.2,721.4,1026.6,1614.6,718.7,1020.5,1668.5,717.9,1020.6,1579.8,6.78
ref,producers-consumers,100,4096,1,2,147898.3,98.2,810.2,1141.5,1478.8,555.8,799.5,1341.8,554.2,796.0,1344.6,6.85
rs,producers-consumers,100,4096,1,2,133964.3,339.0,736.4,1111.1,1518.6,734.1,1107.0,1519.1,732.8,1106.6,1565.5,6.79
ref,producers-consumers,100,4096,1,3,124009.3,98.7,978.8,1381.3,1926.0,668.6,965.2,1421.8,666.8,964.4,1379.3,7.93
rs,producers-consumers,100,4096,1,3,121789.0,295.6,763.8,1972.5,10499.7,761.5,1897.1,10480.0,760.0,1982.8,10556.8,7.76
ref,put-only,1,16,1,1,37797.4,32.7,23.1,69.9,121.0,,,,,,,9.54
rs,put-only,1,16,1,1,37448.8,37.5,23.2,68.8,108.6,,,,,,,12.69
ref,put-only,1,16,1,2,49445.5,33.8,18.5,43.3,69.6,,,,,,,12.67
rs,put-only,1,16,1,2,47052.0,37.7,19.2,46.8,80.2,,,,,,,10.61
ref,put-only,1,16,1,3,42760.6,32.8,20.6,60.9,90.5,,,,,,,9.16
rs,put-only,1,16,1,3,41238.2,36.9,21.1,63.1,92.2,,,,,,,8.53
ref,put-only,1,4096,1,1,43888.0,35.5,20.0,58.5,88.6,,,,,,,7.61
rs,put-only,1,4096,1,1,37863.0,40.1,22.9,68.9,101.5,,,,,,,7.37
ref,put-only,1,4096,1,2,31538.6,28.2,19.2,201.9,1371.0,,,,,,,6.70
rs,put-only,1,4096,1,2,16174.0,32.2,45.3,715.0,2407.0,,,,,,,8.16
ref,put-only,1,4096,1,3,36824.4,34.1,21.8,76.8,221.3,,,,,,,9.24
rs,put-only,1,4096,1,3,36976.5,40.0,23.6,69.5,99.0,,,,,,,8.47
ref,put-only,10,16,1,1,128220.0,87.2,72.5,163.1,220.8,,,,,,,7.56
rs,put-only,10,16,1,1,121331.2,182.6,78.7,160.8,213.3,,,,,,,7.44
ref,put-only,10,16,1,2,129933.9,88.9,71.7,160.4,229.0,,,,,,,7.77
rs,put-only,10,16,1,2,119526.7,183.7,80.5,158.5,196.7,,,,,,,7.30
ref,put-only,10,16,1,3,127676.6,86.7,73.2,162.6,221.6,,,,,,,7.44
rs,put-only,10,16,1,3,120835.7,185.8,79.6,157.1,195.9,,,,,,,7.36
ref,put-only,10,4096,1,1,113978.2,91.7,83.4,169.9,226.5,,,,,,,6.62
rs,put-only,10,4096,1,1,111912.0,207.0,85.6,170.5,213.2,,,,,,,6.46
ref,put-only,10,4096,1,2,111649.0,90.0,85.1,172.5,225.1,,,,,,,7.00
rs,put-only,10,4096,1,2,115879.3,203.5,82.6,167.5,215.1,,,,,,,6.86
ref,put-only,10,4096,1,3,114126.8,92.0,82.9,167.8,235.6,,,,,,,7.11
rs,put-only,10,4096,1,3,111374.3,205.6,86.1,173.1,222.8,,,,,,,6.78
ref,put-only,100,16,1,1,152209.3,98.9,653.4,892.0,1192.2,,,,,,,6.91
rs,put-only,100,16,1,1,132105.3,319.8,748.9,1036.6,1462.0,,,,,,,7.23
ref,put-only,100,16,1,2,151996.1,98.8,653.2,890.3,1434.4,,,,,,,7.14
rs,put-only,100,16,1,2,131881.6,318.6,750.3,1022.2,1270.5,,,,,,,7.25
ref,put-only,100,16,1,3,150839.4,98.9,657.5,904.7,1118.9,,,,,,,8.03
rs,put-only,100,16,1,3,128029.1,322.2,775.2,1047.5,1441.3,,,,,,,7.79
ref,put-only,100,4096,1,1,124717.6,98.4,795.1,1047.2,1369.0,,,,,,,8.13
rs,put-only,100,4096,1,1,124652.3,356.2,793.3,1103.4,1511.0,,,,,,,8.39
ref,put-only,100,4096,1,2,117984.8,97.0,812.0,1119.8,6303.2,,,,,,,8.65
rs,put-only,100,4096,1,2,124071.0,353.1,799.3,1127.8,1458.4,,,,,,,8.35
ref,put-only,100,4096,1,3,123962.5,98.5,800.0,1060.7,1429.8,,,,,,,9.35
rs,put-only,100,4096,1,3,50985.1,134.4,1815.3,4701.7,9695.7,,,,,,,10.03
