server,scenario,conns,body_size,pipeline,run,ops_per_sec,server_cpu_pct,put_p50_us,put_p99_us,put_p999_us,reserve_p50_us,reserve_p99_us,reserve_p999_us,delete_p50_us,delete_p99_us,delete_p999_us,load_avg,idle_conns,delayed_tubes,server_mode,proxy_cpu_pct
ref,put-reserve-delete,10,16,1,1,180900.2,129.6,53.0,105.4,165.8,53.1,105.0,167.8,52.9,104.4,165.1,5.49,0,0,none,
rs,put-reserve-delete,10,16,1,1,181148.0,131.6,52.9,105.2,156.2,53.0,105.3,158.3,52.8,105.0,157.5,5.29,0,0,none,
ref,put-reserve-delete,10,16,1,2,181700.7,130.5,52.8,103.7,147.5,53.0,104.1,147.7,52.7,103.9,148.2,5.43,0,0,none,
rs,put-reserve-delete,10,16,1,2,177075.4,133.2,53.9,113.3,162.3,53.9,113.1,163.0,53.7,113.2,162.4,5.79,0,0,none,
ref,put-reserve-delete,10,16,1,3,179970.9,131.0,53.2,107.2,158.5,53.3,107.6,159.4,53.0,106.8,159.3,5.97,0,0,none,
rs,put-reserve-delete,10,16,1,3,180796.3,132.0,53.0,105.5,148.0,53.1,105.7,148.9,52.8,105.0,148.5,5.97,0,0,none,
ref,put-reserve-delete,10,4096,1,1,175255.8,136.4,54.8,112.5,165.4,54.7,112.5,167.2,53.9,111.2,166.3,5.90,0,0,none,
rs,put-reserve-delete,10,4096,1,1,173394.0,137.3,55.4,114.3,160.4,55.3,114.2,161.5,54.5,113.1,159.3,5.98,0,0,none,
ref,put-reserve-delete,10,4096,1,2,176170.5,136.5,54.8,109.4,155.0,54.5,108.6,152.4,53.8,108.1,152.8,5.98,0,0,none,
rs,put-reserve-delete,10,4096,1,2,176134.9,137.8,54.7,110.1,158.6,54.5,110.3,159.5,53.8,108.8,156.4,5.91,0,0,none,
ref,put-reserve-delete,10,4096,1,3,175846.3,137.3,54.8,109.9,155.5,54.7,110.2,151.2,53.9,108.8,152.4,5.83,0,0,none,
rs,put-reserve-delete,10,4096,1,3,175576.7,139.2,54.8,111.2,155.2,54.6,110.9,155.7,53.9,109.9,153.2,5.85,0,0,none,
ref,put-reserve-delete,100,16,1,1,208297.4,194.4,474.1,646.1,826.1,474.2,645.8,828.4,473.9,645.9,833.5,5.70,0,0,none,
rs,put-reserve-delete,100,16,1,1,207364.4,196.9,474.3,685.5,864.5,474.6,687.4,868.9,474.0,686.0,868.2,5.64,0,0,none,
ref,put-reserve-delete,100,16,1,2,209847.2,196.0,470.2,651.3,792.8,470.4,652.2,802.2,469.9,650.8,789.5,5.91,0,0,none,
rs,put-reserve-delete,100,16,1,2,208587.6,194.8,472.8,656.0,888.5,473.2,657.3,876.9,472.8,655.9,888.0,6.08,0,0,none,
ref,put-reserve-delete,100,16,1,3,205848.6,198.9,475.9,690.6,791.4,476.0,691.0,789.8,475.7,689.2,786.0,5.74,0,0,none,
rs,put-reserve-delete,100,16,1,3,206377.8,199.2,475.4,689.1,839.8,475.6,690.0,841.2,475.0,689.4,839.8,6.17,0,0,none,
ref,put-reserve-delete,100,4096,1,1,204514.9,205.0,483.5,656.2,803.1,483.7,658.2,802.3,482.7,654.9,803.3,6.47,0,0,none,
rs,put-reserve-delete,100,4096,1,1,204395.5,210.3,482.6,666.7,790.2,482.5,668.8,787.2,481.8,666.4,784.2,6.59,0,0,none,
ref,put-reserve-delete,100,4096,1,2,202930.7,206.1,484.6,694.9,1111.9,484.7,695.3,1046.8,483.8,694.8,1045.2,6.55,0,0,none,
rs,put-reserve-delete,100,4096,1,2,202071.4,212.6,485.3,701.7,830.7,485.2,702.9,826.2,484.3,701.2,823.0,6.42,0,0,none,
ref,put-reserve-delete,100,4096,1,3,199894.4,210.9,488.5,711.3,848.2,488.4,711.2,840.2,487.5,709.9,838.2,7.27,0,0,none,
rs,put-reserve-delete,100,4096,1,3,202553.7,208.7,484.8,696.6,870.0,484.8,697.4,865.5,484.0,695.9,869.8,7.25,0,0,none,
ref,producers-consumers,10,16,1,1,177693.2,134.0,53.8,108.2,155.2,54.0,108.8,156.3,53.6,108.1,154.1,7.23,0,0,none,
rs,producers-consumers,10,16,1,1,177986.7,134.1,53.6,109.9,174.2,53.8,110.0,173.5,53.3,109.3,175.8,6.81,0,0,none,
ref,producers-consumers,10,16,1,2,178450.3,133.0,53.5,108.2,167.8,53.8,108.2,168.5,53.3,107.9,166.7,6.53,0,0,none,
rs,producers-consumers,10,16,1,2,176720.9,135.0,53.9,113.0,158.6,54.2,113.5,158.2,53.8,112.6,157.2,6.13,0,0,none,
ref,producers-consumers,10,16,1,3,179142.5,132.0,53.3,106.8,173.5,53.7,107.9,172.8,53.1,106.4,171.3,5.49,0,0,none,
rs,producers-consumers,10,16,1,3,180375.4,133.5,53.0,106.2,165.9,53.2,106.1,165.5,52.8,106.0,166.9,5.10,0,0,none,
ref,producers-consumers,10,4096,1,1,170016.9,146.4,56.5,115.1,178.8,56.5,115.3,178.3,55.5,113.7,176.0,5.09,0,0,none,
rs,producers-consumers,10,4096,1,1,169691.1,147.6,56.6,116.0,170.2,56.5,116.2,171.1,55.6,114.8,164.9,4.93,0,0,none,
ref,producers-consumers,10,4096,1,2,168073.0,147.3,56.8,123.9,204.4,56.8,124.2,201.0,55.6,121.5,201.5,5.00,0,0,none,
rs,producers-consumers,10,4096,1,2,168666.3,148.1,57.0,118.2,184.6,57.0,117.5,182.8,55.9,115.5,182.5,4.46,0,0,none,
ref,producers-consumers,10,4096,1,3,162790.5,151.1,57.9,142.7,217.5,57.8,141.9,216.4,56.8,139.6,217.0,4.54,0,0,none,
rs,producers-consumers,10,4096,1,3,169833.4,148.6,56.7,114.1,170.3,56.6,114.0,170.8,55.7,112.8,166.9,4.47,0,0,none,
ref,producers-consumers,100,16,1,1,206945.5,199.4,476.2,656.4,982.5,476.8,658.4,1022.8,476.2,656.5,1029.8,4.46,0,0,none,
rs,producers-consumers,100,16,1,1,207010.6,200.5,477.1,639.2,897.6,477.5,641.3,938.0,476.9,637.7,904.2,4.30,0,0,none,
ref,producers-consumers,100,16,1,2,206388.9,199.4,477.6,651.5,959.7,478.3,653.2,993.4,477.4,652.1,1006.1,4.67,0,0,none,
rs,producers-consumers,100,16,1,2,207110.3,201.2,476.4,642.0,905.9,477.0,643.8,979.4,475.9,640.8,880.7,4.72,0,0,none,
ref,producers-consumers,100,16,1,3,205317.4,196.5,477.0,692.4,1020.3,477.8,694.1,1055.6,476.7,691.5,1035.9,5.06,0,0,none,
rs,producers-consumers,100,16,1,3,202046.6,204.5,483.4,717.8,1342.6,484.1,720.4,1280.9,483.1,715.0,1406.5,5.32,0,0,none,
ref,producers-consumers,100,4096,1,1,195326.8,229.0,502.1,737.7,1084.7,502.2,739.5,1071.1,500.8,735.8,1137.3,5.21,0,0,none,
rs,producers-consumers,100,4096,1,1,191188.2,237.1,507.9,780.3,1379.8,507.9,779.1,1339.4,506.7,777.9,1468.0,5.20,0,0,none,
ref,producers-consumers,100,4096,1,2,195288.3,232.8,501.7,744.1,1050.2,501.8,746.1,1095.1,500.7,743.0,1074.3,5.56,0,0,none,
rs,producers-consumers,100,4096,1,2,194458.0,231.7,505.0,727.4,1037.8,505.2,727.8,1090.7,503.9,724.7,1021.4,5.82,0,0,none,
ref,producers-consumers,100,4096,1,3,196076.5,233.1,500.6,722.2,1146.3,500.8,723.0,1175.0,499.5,719.0,1219.3,6.31,0,0,none,
rs,producers-consumers,100,4096,1,3,197221.9,230.2,500.1,690.2,888.1,500.3,689.4,904.7,498.8,688.4,884.6,5.88,0,0,none,
